datetime,id,page,time
2021-01-01 00:05:23,1234,home,120
2021-01-01 00:07:45,1234,about,60
2021-01-01 00:10:12,1234,contact,30
2021-01-01 00:15:34,5256,home,90
2021-01-01 00:17:04,4789,blog,180
2021-01-01 00:20:24,1025,blog/post1,240
2021-01-01 00:24:04,980,blog/post2,300
2021-01-01 00:29:04,1002,blog/post3,360
2021-01-01 00:35:04,6078,blog/post4,420
2021-01-01 00:42:04,5500,blog/post5,480
2021-01-01 00:50:04,6200,blog/post6,540
2021-01-01 00:59:04,3000,blog/post7,600
2021-01-01 01:09:04,2000,blog/post8,660
2021-01-01 01:20:04,2013,blog/post9,720
2021-01-01 01:32:04,1000,blog/post10,780
2021-01-01 01:45:04,3200,contact,60
2021-01-01 02:00:12,6520,home,150
2021-01-01 02:02:42,9012,shop,120
2021-01-01 02:05:42,8600,shop/product1,90
2021-01-01 02:08:12,7200,cart,30
2021-01-01 02:09:42,5400,payment,60
2021-01-01 02:11:42,4300,thankyou,10
2021-01-02 10:15:23,1000,home,100
2021-01-02 10:17:03,2050,blog,120
2021-01-02 10:19:03,2500,blog/post5,180